-- Adminer 4.2.5 SQLite 3 dump

INSERT INTO "activated_modules" ("id", "name", "type", "position", "back_end", "sort", "module_id", "module_dir", "params", "sections", "date_edit") VALUES (41,	'Текстовый редактор jodit',	'addon',	'after',	1,	6,	28,	'jodit',	'',	'',	(julianday('now') - 2440587.5)*86400.0);
INSERT INTO "activated_modules" ("id", "name", "type", "position", "back_end", "sort", "module_id", "module_dir", "params", "sections", "date_edit") VALUES (42,	'Форма обратной связи',	'plugin',	'feedback',	'0',	7,	24,	'feedback',	'YTo2OntzOjY6ImZpZWxkcyI7YTo0OntpOjA7YTo1OntzOjQ6InR5cGUiO3M6NDoidGV4dCI7czo1OiJsYWJlbCI7czoxNToi0JLQsNGI0LUg0LjQvNGPIjtzOjg6InJlcXVpcmVkIjtzOjE6IjAiO3M6MTA6InZhbGlkYXRpb24iO3M6OToibm90X2VtcHR5IjtzOjEzOiJlcnJvcl9tZXNzYWdlIjtzOjA6IiI7fWk6MTthOjU6e3M6NDoidHlwZSI7czo0OiJ0ZXh0IjtzOjU6ImxhYmVsIjtzOjIxOiLQktCw0Ygg0YLQtdC70LXRhNC+0L0iO3M6ODoicmVxdWlyZWQiO3M6MToiMSI7czoxMDoidmFsaWRhdGlvbiI7czo1OiJwaG9uZSI7czoxMzoiZXJyb3JfbWVzc2FnZSI7czo1NToi0JLQstC10LTQuNGC0LUg0LLQtdGA0L3Ri9C5INC90L7QvNC10YAg0YLQtdC70LXRhNC+0L3QsCI7fWk6MjthOjU6e3M6NDoidHlwZSI7czo4OiJ0ZXh0YXJlYSI7czo1OiJsYWJlbCI7czoyNzoi0JLQsNGI0LUg0YHQvtC+0LHRidC10L3QuNC1IjtzOjg6InJlcXVpcmVkIjtzOjE6IjEiO3M6MTA6InZhbGlkYXRpb24iO3M6OToibm90X2VtcHR5IjtzOjEzOiJlcnJvcl9tZXNzYWdlIjtzOjA6IiI7fWk6MzthOjI6e3M6NDoidHlwZSI7czo2OiJzdWJtaXQiO3M6NToibGFiZWwiO3M6MTg6ItCe0YLQv9GA0LDQstC40YLRjCI7fX1zOjc6Im1haWxfdG8iO3M6MTI6ImluZm9Ac2l0ZS5ydSI7czoxMjoibWFpbF9zdWJqZWN0IjtzOjU3OiLQodC+0L7QsdGJ0LXQvdC40LUg0YHQviDRgdGC0YDQsNC90LjRhtGLINCa0L7QvdGC0LDQutGC0YsiO3M6OToibWFpbF9mcm9tIjtzOjE1OiJub3JlcGx5QHNpdGUucnUiO3M6MTQ6Im1haWxfdGV4dF9mcm9tIjtzOjEwOiLQoNC+0LHQvtGCIjtzOjE3OiJtYWlsX3RleHRfc3VjY2VzcyI7czo0ODoi0JLQsNGI0LUg0YHQvtC+0LHRidC10L3QuNC1INC+0YLQv9GA0LDQstC70LXQvdC+Ijt9',	'',	(julianday('now') - 2440587.5)*86400.0);
INSERT INTO "activated_modules" ("id", "name", "type", "position", "back_end", "sort", "module_id", "module_dir", "params", "sections", "date_edit") VALUES (45,	'Слайдер CUBE',	'block',	'slider',	'0',	7,	31,	'cube_slider',	'a:5:{s:12:"aspect_ratio";d:2.8999999999999999;s:5:"speed";i:1000;s:9:"frequency";i:5000;s:10:"has_shadow";b:0;s:6:"slides";a:3:{i:0;a:4:{s:5:"image";s:34:"/uploads/modules/cube_slider/1.jpg";s:4:"text";s:0:"";s:8:"btn_text";s:0:"";s:4:"href";s:0:"";}i:1;a:4:{s:5:"image";s:34:"/uploads/modules/cube_slider/2.jpg";s:4:"text";s:0:"";s:8:"btn_text";s:0:"";s:4:"href";s:0:"";}i:2;a:4:{s:5:"image";s:34:"/uploads/modules/cube_slider/3.jpg";s:4:"text";s:0:"";s:8:"btn_text";s:0:"";s:4:"href";s:0:"";}}}',	'',	(julianday('now') - 2440587.5)*86400.0);
INSERT INTO "activated_modules" ("id", "name", "type", "position", "back_end", "sort", "module_id", "module_dir", "params", "sections", "date_edit") VALUES (47,	'Написать директору',	'plugin',	'feedback',	'0',	8,	24,	'feedback',	'YTo2OntzOjY6ImZpZWxkcyI7YTo2OntpOjA7YTo1OntzOjQ6InR5cGUiO3M6NDoidGV4dCI7czo1OiJsYWJlbCI7czoxNToi0JLQsNGI0LUg0LjQvNGPIjtzOjg6InJlcXVpcmVkIjtzOjE6IjEiO3M6MTA6InZhbGlkYXRpb24iO3M6OToibm90X2VtcHR5IjtzOjEzOiJlcnJvcl9tZXNzYWdlIjtzOjA6IiI7fWk6MTthOjU6e3M6NDoidHlwZSI7czo0OiJ0ZXh0IjtzOjU6ImxhYmVsIjtzOjIxOiLQktCw0Ygg0YLQtdC70LXRhNC+0L0iO3M6ODoicmVxdWlyZWQiO3M6MToiMSI7czoxMDoidmFsaWRhdGlvbiI7czo1OiJwaG9uZSI7czoxMzoiZXJyb3JfbWVzc2FnZSI7czo1NToi0JLQstC10LTQuNGC0LUg0LLQtdGA0L3Ri9C5INC90L7QvNC10YAg0YLQtdC70LXRhNC+0L3QsCI7fWk6MjthOjU6e3M6NDoidHlwZSI7czo0OiJ0ZXh0IjtzOjU6ImxhYmVsIjtzOjE3OiLQktCw0Ygg0LXQvNC10LnQuyI7czo4OiJyZXF1aXJlZCI7czoxOiIxIjtzOjEwOiJ2YWxpZGF0aW9uIjtzOjU6ImVtYWlsIjtzOjEzOiJlcnJvcl9tZXNzYWdlIjtzOjMzOiLQktCy0LXQtNC40YLQtSDQstC10YDQvdGL0LkgZW1haWwiO31pOjM7YTozOntzOjQ6InR5cGUiO3M6Njoic2VsZWN0IjtzOjU6ImxhYmVsIjtzOjQ5OiLQotC10LzQsCDQvtCx0YDQsNGJ0LXQvdC40Y8g0Log0LTQuNGA0LXQutGC0L7RgNGDIjtzOjExOiJvcHRpb25fbGlzdCI7czoxNDg6ItCg0LXQutC70LDQvNCwDQrQoNCw0LfQstC40YLQuNC1DQrQn9Cw0YDRgtC90LXRgNGB0YLQstC+INC40LvQuCDRgdC+0YLRgNGD0LTQvdC40YfQtdGB0YLQstC+DQrQltCw0LvQvtCx0LAg0L3QsCDRgdC+0YLRgNGD0LTQvdC40LrQvtCyDQrQlNGA0YPQs9C+0LUiO31pOjQ7YTo1OntzOjQ6InR5cGUiO3M6ODoidGV4dGFyZWEiO3M6NToibGFiZWwiO3M6Mjc6ItCS0LDRiNC1INGB0L7QvtCx0YnQtdC90LjQtSI7czo4OiJyZXF1aXJlZCI7czoxOiIxIjtzOjEwOiJ2YWxpZGF0aW9uIjtzOjk6Im5vdF9lbXB0eSI7czoxMzoiZXJyb3JfbWVzc2FnZSI7czowOiIiO31pOjU7YToyOntzOjQ6InR5cGUiO3M6Njoic3VibWl0IjtzOjU6ImxhYmVsIjtzOjE4OiLQntGC0L/RgNCw0LLQuNGC0YwiO319czo3OiJtYWlsX3RvIjtzOjEyOiJpbmZvQHNpdGUucnUiO3M6MTI6Im1haWxfc3ViamVjdCI7czo0NToi0KHQvtC+0LHRidC10L3QuNC1INGBINCy0LDRiNC10LPQviDRgdCw0LnRgtCwIjtzOjk6Im1haWxfZnJvbSI7czoxNToibm9yZXBseUBzaXRlLnJ1IjtzOjE0OiJtYWlsX3RleHRfZnJvbSI7czoxMjoi0JfQsNGP0LLQutCwIjtzOjE3OiJtYWlsX3RleHRfc3VjY2VzcyI7czo0ODoi0JLQsNGI0LUg0YHQvtC+0LHRidC10L3QuNC1INC+0YLQv9GA0LDQstC70LXQvdC+Ijt9',	'',	(julianday('now') - 2440587.5)*86400.0);


INSERT INTO "main" ("id", "parent_id", "name", "title", "keywords", "description", "component", "url", "view", "theme_view", "date_add", "date_edit") VALUES (3,    '0',    'Галерея',  'Галерея',  'Галерея',  'Галерея',  'gallery',  'gallery',  NULL,   NULL, (julianday('now') - 2440587.5)*86400.0, (julianday('now') - 2440587.5)*86400.0);
INSERT INTO "main" ("id", "parent_id", "name", "title", "keywords", "description", "component", "url", "view", "theme_view", "date_add", "date_edit") VALUES (43,   '0',    'Контакты', 'Контакты', 'Контакты', 'Контакты', 'pages',    'contacts', 'children_menu',    'index', (julianday('now') - 2440587.5)*86400.0, (julianday('now') - 2440587.5)*86400.0);
INSERT INTO "main" ("id", "parent_id", "name", "title", "keywords", "description", "component", "url", "view", "theme_view", "date_add", "date_edit") VALUES (49,   '0',    'Карта сайта',  'Карта сайта',  'Карта сайта',  'Карта сайта',  'sitemap',  'map',  NULL,   NULL,   (julianday('now') - 2440587.5)*86400.0, (julianday('now') - 2440587.5)*86400.0);
INSERT INTO "main" ("id", "parent_id", "name", "title", "keywords", "description", "component", "url", "view", "theme_view", "date_add", "date_edit") VALUES (57,   '0',    'Карта сайта xml',  'Карта сайта xml',  'Карта сайта xml',  'Карта сайта xml',  'sitemap_xml',  'sitemap2.xml', NULL,   NULL,   (julianday('now') - 2440587.5)*86400.0, (julianday('now') - 2440587.5)*86400.0);
INSERT INTO "main" ("id", "parent_id", "name", "title", "keywords", "description", "component", "url", "view", "theme_view", "date_add", "date_edit") VALUES (58,   '0',    'Новости',  'Новости',  'Новости',  'Новости',  'news', 'news', NULL,   NULL,   (julianday('now') - 2440587.5)*86400.0, (julianday('now') - 2440587.5)*86400.0);
INSERT INTO "main" ("id", "parent_id", "name", "title", "keywords", "description", "component", "url", "view", "theme_view", "date_add", "date_edit") VALUES (59,   '0',    'Типографика в UserCMS',    'Типографика',  'Типографика',  'Типографика',  'pages',    'tipografika',  'index',    'index',    (julianday('now') - 2440587.5)*86400.0, (julianday('now') - 2440587.5)*86400.0);
INSERT INTO "main" ("id", "parent_id", "name", "title", "keywords", "description", "component", "url", "view", "theme_view", "date_add", "date_edit") VALUES (60,   '0',    'О нас',    'О нас',    'О нас',    'О нас',    'pages',    'about',    'index',    'index',    (julianday('now') - 2440587.5)*86400.0, (julianday('now') - 2440587.5)*86400.0);
INSERT INTO "main" ("id", "parent_id", "name", "title", "keywords", "description", "component", "url", "view", "theme_view", "date_add", "date_edit") VALUES (61,   '0',    'Услуги',   'Услуги',   'услуги',   'услуги',   'pages',    'services', 'index',    'index',    (julianday('now') - 2440587.5)*86400.0, (julianday('now') - 2440587.5)*86400.0);
INSERT INTO "main" ("id", "parent_id", "name", "title", "keywords", "description", "component", "url", "view", "theme_view", "date_add", "date_edit") VALUES (62,   '0',    'Прайс',    'Прайс',    'Прайс',    'Прайс',    'pages',    'price',    'index',    'index',    (julianday('now') - 2440587.5)*86400.0, (julianday('now') - 2440587.5)*86400.0);
INSERT INTO "main" ("id", "parent_id", "name", "title", "keywords", "description", "component", "url", "view", "theme_view", "date_add", "date_edit") VALUES (63,   '0',    'Вакансии', 'Вакансии', 'Вакансии', 'Вакансии', 'pages',    'vacancies',    'children_menu_in_bottom',  'index',    (julianday('now') - 2440587.5)*86400.0, (julianday('now') - 2440587.5)*86400.0);
INSERT INTO "main" ("id", "parent_id", "name", "title", "keywords", "description", "component", "url", "view", "theme_view", "date_add", "date_edit") VALUES (64,   '0',    'Написать директору',   'Написать директору',   'Написать директору',   'Написать директору',   'pages',    'dir',  'index',    'index',    (julianday('now') - 2440587.5)*86400.0, (julianday('now') - 2440587.5)*86400.0);
INSERT INTO "main" ("id", "parent_id", "name", "title", "keywords", "description", "component", "url", "view", "theme_view", "date_add", "date_edit") VALUES (65,   63, 'Бухгалтер',    'Бухгалтер',    'Бухгалтер',    'Бухгалтер',    'pages',    'buhgalter',    'index',    'index',    (julianday('now') - 2440587.5)*86400.0, (julianday('now') - 2440587.5)*86400.0);
INSERT INTO "main" ("id", "parent_id", "name", "title", "keywords", "description", "component", "url", "view", "theme_view", "date_add", "date_edit") VALUES (66,   63, 'Маркетолог',   'Маркетолог',   'Маркетолог',   'Маркетолог',   'pages',    'marketolog',   'index',    'index',    (julianday('now') - 2440587.5)*86400.0, (julianday('now') - 2440587.5)*86400.0);

INSERT INTO "menus" ("id", "name", "class") VALUES (4,  'Верхнее меню', 'nav navbar-nav top-menu');
INSERT INTO "menus" ("id", "name", "class") VALUES (7,  'Боковое меню', 'aside-menu');



INSERT INTO "menus_items" ("id", "parent_id", "menu_id", "name", "url", "sort") VALUES (32, '0',    4,  'Контакты', '/contacts',    '5');
INSERT INTO "menus_items" ("id", "parent_id", "menu_id", "name", "url", "sort") VALUES (33, '0',    4,  'О нас',    '/about',   '2');
INSERT INTO "menus_items" ("id", "parent_id", "menu_id", "name", "url", "sort") VALUES (34, '0',    4,  'Услуги',   '/services',    '3');
INSERT INTO "menus_items" ("id", "parent_id", "menu_id", "name", "url", "sort") VALUES (38, '0',    4,  'Прайс',    '/price',   '4');
INSERT INTO "menus_items" ("id", "parent_id", "menu_id", "name", "url", "sort") VALUES (39, '0',    7,  'Новости',  '/news',    '1');
INSERT INTO "menus_items" ("id", "parent_id", "menu_id", "name", "url", "sort") VALUES (40, '0',    7,  'Вакансии', '/vacancies',   '2');
INSERT INTO "menus_items" ("id", "parent_id", "menu_id", "name", "url", "sort") VALUES (41, '0',    7,  'Галерея',  '/gallery', '3');
INSERT INTO "menus_items" ("id", "parent_id", "menu_id", "name", "url", "sort") VALUES (42, '0',    7,  'Типографика',  '/tipografika', '4');


INSERT INTO "news" ("id", "url", "header", "overview", "photo", "text", "title", "keywords", "description", "date_create", "date_edit", "date_publish", "parent_id", "is_category") VALUES (1,  'dobro-pozhalovat', 'Добро пожаловать!',    'Наш новый сайт открылся! И мы очень рады, что вы здесь.',  'ub4fstxhze.jpg',   'Итак, добро пожаловать на наш новый сайт. Теперь всё по-новому. Мы полностью обновили не только внешний вид но и добавили новый функционал. Наши основные разделы можно посмотреть в главном меню. Наш сайт теперь адаптивен. И если вы зашли на наш сайт с телефона или планшета, то вы, наверное, сразу заметили, как удобно им стало пользоваться. Это было непросто, но мы постарались. Потому что мы заботимся о наших посетителях.', 'Добро пожаловать!',    'Добро пожаловать!',    'Наш новый сайт открылся! И мы очень рады, что ты здесь.',  (julianday('now') - 2440587.5)*86400.0, (julianday('now') - 2440587.5)*86400.0, (julianday('now') - 2440587.5)*86400.0, '0',    '0');
INSERT INTO "pages" ("id", "main_id", "text") VALUES (41,   43, '<h3>Телефоны:</h3>
+7 (495) 111-11-11 - отдел продаж<br>
+7 (495) 111-11-11 - отдел поддержки

<h3>E-Mail</h3>
info@site.ru - отдел продаж<br>
support@site.ru - отдел поддержки

<h3>Адрес</h3>
123454 г. Москва, Красная Площадь, 4

<h3>Часы работы</h3>
пн-пт: 9<sup>00</sup> - 18<sup>00</sup><br>
сб,вс: выходной

<h3>Мы в социальных сетях</h3>
<a href="//vk.com">vk.com</a> - В контакте<br>
<a href="//facebook.com">facebook.com</a> - Фейсбук

<h3>Реквизиты</h3>
ООО "Софт"<br>
ИНН: 6545343645646<br>
ОГРН: 65654564654654

<h3>Напишите нам:</h3>
<p>{plugin:feedback=42}</p>');
INSERT INTO "pages" ("id", "main_id", "text") VALUES (51,   59, '<h2 class="bg-primary">Проверка строчных элементов</h2>

<p><a href="#">Ссылка</a>, <a href="#">посещенная ссылка</a>, <a href="#">ссылка при наведении</a>, <span>обычный текст</span>, <strong>полужирный текст</strong>, <b>полужирный текст 2</b>, <em>наклонный текст</em>, <i>наклонный текст 2</i>
<br>Цвет ссылок указан на макете, если его нет, то желательно оставить его синим по умолчанию, в редких случаях серым, и красным при наведении, подчеркивание также по умолчанию должно быть, при наведении подчеркивание можно убрать.</p><h2 class="bg-primary">Проверка блочных элементов</h2><h1>Заголовок первого уровня</h1><h2>Заголовок 2 уровня</h2><h3>Заголовок 3 уровня</h3><h4>Заголовок 4 уровня</h4>

<p>Параграф</p>

<p>Параграф и отступы между ними</p>

<p>Параграф</p><h2 class="bg-primary">Проверка списков</h2><h3>Маркированный список</h3>
<ul>
    <li>Маркеры должны быть!!! И не должны вылазить!!</li>
    <li>Автотор</li>
    <li>Продукты питания комбинат</li>
    <li>СОЯ</li>
    <li>Морской торговый порт</li>
    <li>Калининградский судоремонтный завод</li>
    <li>Калининградский рыбоконсервный комбинат, просто длинный элемент списка Калининградский рыбоконсервный<a href="#"> А это ссылка</a> комбинат , пожалуй самый длинный элемент, Калининградский рыбоконсервный комбинат</li>
    <li>Калининградские деликатесы</li>
    <li>Светловский мясокомбинат</li>
    <li>Союз ТТ и десятки других предприятий</li>
</ul><h3>Нумерованный список</h3>
<ol>
    <li>Маркеры должны быть!!! И не должны вылазить!!</li>
    <li>Автотор</li>
    <li>Продукты питания комбинат</li>
    <li>СОЯ</li>
    <li>Морской торговый порт</li>
    <li>Калининградский судоремонтный завод</li>
    <li>Калининградский рыбоконсервный комбинат, просто длинный элемент списка Калининградский рыбоконсервный<a href="#"> А это ссылка</a> комбинат , пожалуй самый длинный элемент, Калининградский рыбоконсервный комбинат</li>
    <li>Калининградские деликатесы</li>
    <li>Светловский мясокомбинат</li>
    <li>Союз ТТ и десятки других предприятий</li>
</ol>

<p>Nam libero tempore, cum soluta nobis est eligendi optio, cumque nihil impedit, quo minus id, quod maxime placeat, facere possimus, omnis voluptas assumenda est, omnis dolor repellendus. Temporibus autem quibusdam et aut officiis debitis aut rerum necessitatibus saepe eveniet, ut et voluptates repudiandae sint et molestiae non recusandae. Itaque earum rerum hic tenetur a sapiente delectus, ut aut reiciendis voluptatibus maiores alias consequatur aut perferendis doloribus asperiores repellat.</p>

<p>Параграф</p>

<p>Параграф и отступы между ними</p>

<p>Параграф</p><h2 class="bg-primary">Пример таблицы</h2>
<table class="table">
<tbody>
    <tr>
<th>#
</th>
<th>Заголовок
</th>
<th>должен отличаться
</th>
    </tr>
    <tr>
        <td>1</td>
        <td>от обычных</td>
        <td>ячеек</td>
    </tr>
    <tr>
        <td>2</td>
        <td>Nam libero tempore, cum soluta nobis est eligendi optio, cumque nihil impedit, quo minus id, quod maxime placeat, facere possimus, omnis voluptas assumenda est, omnis dolor repellendus. Temporibus autem quibusdam et aut officiis debitis aut rerum necessitatibus saepe eveniet, ut et voluptates repudiandae sint et molestiae non recusandae. Itaque earum rerum hic tenetur a sapiente delectus, ut aut reiciendis voluptatibus maiores alias consequatur aut perferendis doloribus asperiores repellat.</td>
        <td>Nam libero tempore, cum soluta nobis est eligendi optio, cumque nihil impedit, quo minus id, quod maxime placeat, facere possimus, omnis voluptas assumenda est, omnis dolor repellendus. Temporibus autem quibusdam et aut officiis debitis aut rerum necessitatibus saepe eveniet, ut et voluptates repudiandae sint et molestiae non recusandae. Itaque earum rerum hic tenetur a sapiente delectus, ut aut reiciendis voluptatibus maiores alias consequatur aut perferendis doloribus asperiores repellat.</td>
    </tr>
    <tr>
        <td>3</td>
        <td>Nam libero tempore, cum soluta nobis est eligendi optio, cumque nihil impedit, quo minus id, quod maxime placeat, facere possimus, omnis voluptas assumenda est, omnis dolor repellendus. Temporibus autem quibusdam et aut officiis debitis aut rerum necessitatibus saepe eveniet, ut et voluptates repudiandae sint et molestiae non recusandae. Itaque earum rerum hic tenetur a sapiente delectus, ut aut reiciendis voluptatibus maiores alias consequatur aut perferendis doloribus asperiores repellat.</td>
        <td>Nam libero tempore, cum soluta nobis est eligendi optio, cumque nihil impedit, quo minus id, quod maxime placeat, facere possimus, omnis voluptas assumenda est, omnis dolor repellendus. Temporibus autem quibusdam et aut officiis debitis aut rerum necessitatibus saepe eveniet, ut et voluptates repudiandae sint et molestiae non recusandae. Itaque earum rerum hic tenetur a sapiente delectus, ut aut reiciendis voluptatibus maiores alias consequatur aut perferendis doloribus asperiores repellat.</td>
    </tr>
    <tr>
        <td>4</td>
        <td>Nam libero tempore, cum soluta nobis est eligendi optio, cumque nihil impedit, quo minus id, quod maxime placeat, facere possimus, omnis voluptas assumenda est, omnis dolor repellendus. Temporibus autem quibusdam et aut officiis debitis aut rerum necessitatibus saepe eveniet, ut et voluptates repudiandae sint et molestiae non recusandae. Itaque earum rerum hic tenetur a sapiente delectus, ut aut reiciendis voluptatibus maiores alias consequatur aut perferendis doloribus asperiores repellat.</td>
        <td>Проверь вертикальное выравнивание по умолчанию!!!!</td>
    </tr>
</tbody>
</table>');
INSERT INTO "pages" ("id", "main_id", "text") VALUES (52,   60, '<p>Далеко-далеко за словесными горами в стране гласных и согласных живут рыбные тексты. Вдали от всех живут они в буквенных домах на берегу Семантика большого языкового океана. Маленький ручеек Даль журчит по всей стране и обеспечивает ее всеми необходимыми правилами. Эта парадигматическая страна, в которой жаренные члены предложения залетают прямо в рот. Даже всемогущая пунктуация не имеет власти над рыбными текстами, ведущими безорфографичный образ жизни.</p><p>Однажды одна маленькая строчка рыбного текста по имени Lorem ipsum решила выйти в большой мир грамматики. Великий Оксмокс предупреждал ее о злых запятых, диких знаках вопроса и коварных точках с запятой, но текст не дал сбить себя с толку. Он собрал семь своих заглавных букв, подпоясал инициал за пояс и пустился в дорогу. Взобравшись на первую вершину курсивных гор, бросил он последний взгляд назад, на силуэт своего родного города Буквоград, на заголовок деревни Алфавит и на подзаголовок своего переулка Строчка. Грустный риторический вопрос скатился по его щеке и он продолжил свой путь.&nbsp;</p><p>По дороге встретил текст рукопись. Она предупредила его: «В моей стране все переписывается по несколько раз. Единственное, что от меня осталось, это приставка «и». Возвращайся ты лучше в свою безопасную страну». Не послушавшись рукописи, наш текст продолжил свой путь. Вскоре ему повстречался коварный составитель.</p>');
INSERT INTO "pages" ("id", "main_id", "text") VALUES (53,   61, '<p>Далеко-далеко за словесными горами в стране гласных и согласных живут рыбные тексты. Вдали от всех живут они в буквенных домах на берегу Семантика большого языкового океана. Маленький ручеек Даль журчит по всей стране и обеспечивает ее всеми необходимыми правилами. Эта парадигматическая страна, в которой жаренные члены предложения залетают прямо в рот. Даже всемогущая пунктуация не имеет власти над рыбными текстами, ведущими безорфографичный образ жизни.</p><p>Однажды одна маленькая строчка рыбного текста по имени Lorem ipsum решила выйти в большой мир грамматики. Великий Оксмокс предупреждал ее о злых запятых, диких знаках вопроса и коварных точках с запятой, но текст не дал сбить себя с толку. Он собрал семь своих заглавных букв, подпоясал инициал за пояс и пустился в дорогу. Взобравшись на первую вершину курсивных гор, бросил он последний взгляд назад, на силуэт своего родного города Буквоград, на заголовок деревни Алфавит и на подзаголовок своего переулка Строчка. Грустный риторический вопрос скатился по его щеке и он продолжил свой путь.&nbsp;</p><p>По дороге встретил текст рукопись. Она предупредила его: «В моей стране все переписывается по несколько раз. Единственное, что от меня осталось, это приставка «и». Возвращайся ты лучше в свою безопасную страну». Не послушавшись рукописи, наш текст продолжил свой путь. Вскоре ему повстречался коварный составитель.</p>');
INSERT INTO "pages" ("id", "main_id", "text") VALUES (54,   62, '<table class="table">
<tbody>
    <tr>
<th>№
</th>
<th>Тариф
</th>
<th>Цена
</th>
    </tr>
    <tr>
        <td>1</td>
        <td>Nam libero tempore, cum soluta nobis est eligendi optio, cumque nihil impedit, quo minus id, quod maxime placeat, facere possimus, omnis voluptas assumenda est, omnis dolor repellendus. Temporibus autem quibusdam et aut officiis debitis aut rerum necessitatibus saepe eveniet, ut et voluptates repudiandae sint et molestiae non recusandae. Itaque earum rerum hic tenetur a sapiente delectus, ut aut reiciendis voluptatibus maiores alias consequatur aut perferendis doloribus asperiores repellat.</td>
        <td>3000 р.</td>
    </tr>
    <tr>
        <td>2</td>
        <td>Nam libero tempore, cum soluta nobis est eligendi optio, cumque nihil impedit, quo minus id, quod maxime placeat, facere possimus, omnis voluptas assumenda est, omnis dolor repellendus. Temporibus autem quibusdam et aut officiis debitis aut rerum necessitatibus saepe eveniet, ut et voluptates repudiandae sint et molestiae non recusandae. Itaque earum rerum hic tenetur a sapiente delectus, ut aut reiciendis voluptatibus maiores alias consequatur aut perferendis doloribus asperiores repellat.</td>
        <td>5000 р.</td>
    </tr>
    <tr>
        <td>3</td>
        <td>Nam libero tempore, cum soluta nobis est eligendi optio, cumque nihil impedit, quo minus id, quod maxime placeat, facere possimus, omnis voluptas assumenda est, omnis dolor repellendus. Temporibus autem quibusdam et aut officiis debitis aut rerum necessitatibus saepe eveniet, ut et voluptates repudiandae sint et molestiae non recusandae. Itaque earum rerum hic tenetur a sapiente delectus, ut aut reiciendis voluptatibus maiores alias consequatur aut perferendis doloribus asperiores repellat.</td>
        <td>7000 р.</td>
    </tr>
</tbody>
</table>');
INSERT INTO "pages" ("id", "main_id", "text") VALUES (55,   63, '<p>Далеко-далеко за словесными горами в стране гласных и согласных живут рыбные тексты. Вдали от всех живут они в буквенных домах на берегу Семантика большого языкового океана. Маленький ручеек Даль журчит по всей стране и обеспечивает ее всеми необходимыми правилами. Эта парадигматическая страна, в которой жаренные члены предложения залетают прямо в рот. Даже всемогущая пунктуация не имеет власти над рыбными текстами, ведущими безорфографичный образ жизни.</p><p>Однажды одна маленькая строчка рыбного текста по имени Lorem ipsum решила выйти в большой мир грамматики. Великий Оксмокс предупреждал ее о злых запятых, диких знаках вопроса и коварных точках с запятой, но текст не дал сбить себя с толку. Он собрал семь своих заглавных букв, подпоясал инициал за пояс и пустился в дорогу. Взобравшись на первую вершину курсивных гор, бросил он последний взгляд назад, на силуэт своего родного города Буквоград, на заголовок деревни Алфавит и на подзаголовок своего переулка Строчка. Грустный риторический вопрос скатился по его щеке и он продолжил свой путь.&nbsp;</p><p>По дороге встретил текст рукопись. Она предупредила его: «В моей стране все переписывается по несколько раз. Единственное, что от меня осталось, это приставка «и». Возвращайся ты лучше в свою безопасную страну». Не послушавшись рукописи, наш текст продолжил свой путь. Вскоре ему повстречался коварный составитель.</p>');
INSERT INTO "pages" ("id", "main_id", "text") VALUES (56,   64, 'Здесь вы можете написать нашему директору:<br>{plugin:feedback=47}');
INSERT INTO "pages" ("id", "main_id", "text") VALUES (57,   65, 'Вакансия закрыта');
INSERT INTO "pages" ("id", "main_id", "text") VALUES (58,   66, 'Вакансия закрыта');


INSERT INTO "users" ("id", "login", "password", "email", "access_level", "date_add", "date_edit", "active") VALUES (2,  'test', '098f6bcd4621d373cade4e832627b4f6', 'test@test.ru', '0',    (julianday('now') - 2440587.5)*86400.0, (julianday('now') - 2440587.5)*86400.0, 1);


INSERT INTO "gallery_categories" (`id`, `name`, `text`, `preview`, `image`, `url`, `title`, `keywords`, `description`, `dir`, `sub`) VALUES ('1', 'Изображения', '', '', 'xnls4eq6gi.jpg', 'izobrazheniya', 'Изображения', 'Изображения', 'Изображения', 'izobrazheniya', '0');

INSERT INTO "gallery_items" (`id`, `category_id`, `image`, `text`, `sort`, `date_add`) VALUES ('1', '1', 'bfifcpixr2.jpg', '', '1', (julianday('now') - 2440587.5)*86400.0);
INSERT INTO "gallery_items" (`id`, `category_id`, `image`, `text`, `sort`, `date_add`) VALUES ('2', '1', '7derqiewfb.jpg', '', '1', (julianday('now') - 2440587.5)*86400.0);
INSERT INTO "gallery_items" (`id`, `category_id`, `image`, `text`, `sort`, `date_add`) VALUES ('3', '1', '3onbqsuyq6.jpg', '', '1', (julianday('now') - 2440587.5)*86400.0);
INSERT INTO "gallery_items" (`id`, `category_id`, `image`, `text`, `sort`, `date_add`) VALUES ('4', '1', 'vdohrssbur.jpg', '', '1', (julianday('now') - 2440587.5)*86400.0);
INSERT INTO "gallery_items" (`id`, `category_id`, `image`, `text`, `sort`, `date_add`) VALUES ('5', '1', '2bmq02xgit.jpg', '', '1', (julianday('now') - 2440587.5)*86400.0);
